"id","trust","check","condition","region","insecure","need","depend","purchases_market","age","wives_cowives","num_children","literate","education","sell_milk_meat","sell_handcrafts","wage_labor","farming","sell_crops","own_business","teaching","hh_size","hh_labor","urban_travel","engai_christian_same","god_mind","god_body","god_omnipotent","god_omniscient","god_omnibenevolent","god_punish","god_reward","rituals_frequency","prayer_frequency","disagree_god_frequency","maasai_all_cattle","polygyny","moran_eating","cattle_raid","educate_children","educate_women","cattle_over_cash","belief_god_important","children_share_religious","others_share_religious","farming_good","female_circumcision","maasai_worry_future","god_comfort_safety","donkeys","chickens","cattle","goats","sheep","roof","solar","wealth","TLU","MI"
1,1,0,1,0,0.8,5.25,0.333333333333333,4,52,3,18,1,1,0,0,0,1,1,0,0,21,4,2,1,1,0,1,1,-1,1,1,4,4,4,-1,1,-1,-1,1,1,2,1,2,2,2,-1,1,1,2,4,4,10,3,0,0,3,5.14,0.694236703141574
2,0,1,1,0,0.25,2.5,0.25,4,52,2,6,1,2,0,0,0,1,1,1,0,10,4,1,1,1,0,1,1,1,1,1,4,5,4,-1,-1,-1,-1,1,2,1,2,2,2,1,-1,1,1,3,0,10,50,12,0,1,3,14.7,0.694236703141574
3,1,0,1,0,1.6,1.5,0.333333333333333,3,36,0,0,0,1,0,0,0,1,1,0,0,3,2,2,1,1,1,1,1,1,-1,1,4,4,1,1,1,-1,-1,1,2,2,1,2,-1,2,1,-1,2,1,0,4,5,6,0,0,0,4.4,-0.104756944975327
4,0.5,1,1,0,1.75,2,0.5,3,40,1,4,1,1,0,0,0,1,0,0,0,8,4,2,0,0,0,1,1,1,-1,1,2,4,1,1,1,-1,-1,2,1,-1,1,2,1,1,2,1,1,0,2,4,6,2,0,0,1,3.62,-0.903750593092228
5,0.5,1,1,0,1.75,4,0.333333333333333,4,40,1,6,0,1,0,1,0,1,0,0,0,8,2,1,1,-1,-1,1,1,-1,1,1,5,4,4,-1,-1,-1,-1,1,2,1,1,1,2,1,-1,-1,1,2,10,5,10,7,0,0,1,6.3,0.694236703141574
6,1,1,1,0,1.75,2,0.333333333333333,4,21,1,3,1,2,0,0,0,1,1,0,0,4,2,1,-1,-1,-1,1,1,1,1,1,5,5,5,-1,1,-1,-1,1,1,0,1,1,1,1,-1,1,1,3,15,10,20,30,0,0,1,13.65,0.694236703141574
7,0,1,0,0,1.75,2.33333333333333,0.25,4,75,1,9,0,1,0,1,0,1,1,0,0,7,3,1,-1,1,1,1,1,1,1,1,4,5,5,1,1,-1,-1,1,2,-1,2,1,1,1,0,0,2,1,0,2,10,2,0,0,1,3.1,1.49323035125847
8,1,1,1,0,0.8,2,0.333333333333333,3,48,1,8,0,2,0,0,0,1,1,0,0,10,5,2,1,0,0,1,1,-1,1,1,1,5,1,-1,1,-1,-1,1,1,-1,2,2,2,2,-1,1,1,5,5,30,70,10,1,1,3,31.55,-0.104756944975327
9,0,1,1,0,1.6,2,0.333333333333333,3,53,4,17,0,1,0,0,0,1,1,0,0,22,11,1,0,1,1,1,1,1,1,1,1,4,1,-1,0,-1,-1,2,2,-1,1,-1,-1,1,1,1,1,7,10,40,40,20,0,0,4,37.6,-0.104756944975327
10,1,0,1,0,1,3.75,0.25,4,49,2,5,1,2,0,1,0,1,1,0,0,15,4,1,-1,0,1,1,1,1,-1,1,4,5,3,-1,1,-1,-1,1,2,-1,2,2,1,1,-1,1,1,4,4,10,15,6,1,1,4,11.14,1.49323035125847
11,0.5,0,1,0,1.6,2,0.333333333333333,4,67,1,2,0,1,0,0,0,1,1,0,0,4,2,1,1,0,0,1,1,1,1,1,4,5,2,-1,-1,-1,-1,2,2,-1,2,2,2,2,-1,1,2,2,0,28,46,6,0,0,1,25.8,0.694236703141574
12,1,0,1,0,1.6,2,0.333333333333333,5,38,1,2,1,1,0,0,0,1,1,0,0,4,2,2,1,0,0,1,1,-1,1,1,5,5,5,-1,-1,-1,-1,2,2,-1,2,2,2,1,-1,1,1,0,0,15,55,10,0,0,1,17,1.49323035125847
13,0,1,0,0,1.6,3,0.25,3,75,1,8,0,1,0,1,0,1,1,0,0,6,2,1,1,-1,0,1,1,1,1,1,4,5,1,-1,-1,1,-1,2,1,1,2,2,2,2,-1,2,2,1,5,2,5,3,1,1,3,2.75,0.694236703141574
14,0,1,0,0,1.6,3.33333333333333,0.25,3,80,10,6,0,2,0,1,0,1,1,0,0,10,3,1,1,0,0,1,1,1,-1,1,4,5,1,-1,1,-1,-2,2,1,1,2,2,2,1,-1,1,2,2,2,2,2,2,0,0,10,2.82,0.694236703141574
15,0,1,1,0,1.6,2,0.25,4,30,1,2,0,1,0,0,1,1,1,0,0,6,3,3,0,1,0,1,1,-1,1,1,2,4,1,-1,-1,-1,-1,2,1,0,2,1,1,2,0,-1,2,1,0,1,10,4,0,0,1,2.6,0.694236703141574
16,0,1,1,0,1.2,1.75,0.25,4,30,1,1,0,1,0,0,0,1,1,1,0,7,4,3,1,0,0,1,1,1,1,1,4,4,3,-1,1,-1,-1,2,-1,-1,2,1,2,2,-1,-1,2,2,0,0,20,2,0,0,1,3.2,0.694236703141574
17,1,0,1,0,0.8,3.33333333333333,0.25,4,40,2,8,1,2,0,0,0,1,1,1,0,10,3,3,1,0,0,1,1,1,1,1,4,4,2,-1,1,-1,-1,2,1,-1,2,1,1,1,-1,1,2,3,6,10,10,10,1,1,4,10.56,0.694236703141574
18,0,1,1,0,0.25,7,0.25,4,41,2,10,1,2,1,0,0,1,1,0,0,14,2,3,1,-1,-1,1,1,-1,0,1,2,4,3,1,1,-1,-1,2,2,2,2,-1,1,-1,-1,-1,2,5,6,4,6,3,1,1,4,6.26,1.49323035125847
19,0,1,1,0,0.25,3,0.25,4,30,2,4,0,1,0,1,0,1,1,0,0,6,2,1,-1,0,-1,1,1,1,1,1,4,5,1,-1,1,-1,-1,2,1,-1,1,1,1,1,-1,2,2,2,2,2,3,1,1,1,4,2.82,1.49323035125847
20,0,1,1,0,0.25,8,0.25,4,30,4,7,0,1,0,1,0,1,1,0,0,8,1,1,-1,0,-1,1,1,1,1,1,4,5,1,-1,1,-1,-1,2,1,-1,1,1,1,1,-1,2,2,1,2,2,2,2,1,1,6,2.32,1.49323035125847
21,1,1,0,0,1.6,2,0.333333333333333,4,70,1,7,0,1,0,0,0,1,1,0,0,4,2,1,1,0,0,1,1,-1,1,1,1,4,2,-1,2,-1,-1,1,1,2,1,2,2,1,-1,1,1,2,0,1,1,0,0,0,1,1.8,0.694236703141574
22,0.5,1,0,0,1.6,20,0.333333333333333,5,34,2,7,1,2,0,0,0,1,1,0,0,20,1,2,1,0,0,1,1,-1,1,1,1,4,2,1,1,-1,-1,1,1,1,1,2,2,1,-1,-1,1,2,2,4,5,3,0,0,2,4.62,1.49323035125847
23,0.5,1,0,0,1,2.66666666666667,0.2,4,32,1,5,1,2,1,1,0,1,1,0,0,8,3,2,1,1,0,1,1,-1,1,1,2,4,5,1,1,-1,-1,2,1,1,1,2,2,2,-1,1,2,2,7,4,11,6,0,0,1,5.57,2.29222399937538
24,1,0,0,0,1,4.33333333333333,0.333333333333333,4,36,3,4,0,1,0,1,0,1,0,0,0,14,4,1,0,1,0,1,1,-1,1,1,1,4,1,1,1,-1,-1,1,1,1,1,1,1,2,-1,-1,1,1,2,2,1,1,0,0,3,2.12,0.694236703141574
25,0,1,1,0,0.5,3.5,0.25,4,48,1,5,0,1,0,1,0,1,1,0,0,7,2,1,0,0,0,1,1,1,0,1,4,4,1,-1,1,-1,-1,1,1,1,1,2,1,0,1,-1,1,3,3,5,70,10,1,1,3,13.03,1.49323035125847
26,0.5,1,0,0,1.2,2.5,0.5,4,30,1,2,0,1,0,0,0,1,0,0,0,5,2,2,-1,1,-1,1,1,1,1,1,4,4,5,-1,1,-1,-2,1,2,1,1,1,1,1,-1,-1,1,1,0,6,5,2,0,1,2,5.4,-0.104756944975327
27,1,NA,0,0,1.2,2.5,0.5,4,33,1,3,0,1,0,0,0,1,0,0,0,5,2,2,-1,1,1,1,1,1,1,1,4,4,5,-1,-1,-1,-2,1,2,1,1,1,1,1,-1,-1,1,0,0,6,2,0,0,0,1,4.4,-0.104756944975327
28,0.5,1,0,0,1.6,9.33333333333333,0.4,2,75,5,40,0,1,0,0,0,1,0.5,0,0,28,3,1,1,0,0,1,1,0,1,0,4,5,1,-1,1,-1,-2,1,2,0,1,2,2,2,-1,1,1,3,0,80,30,30,1,1,7,63.5,-1.30324741715068
29,1,NA,0,0,1.4,3.5,0.333333333333333,4,40,1,5,0,1,0,0,0,1,1,0,0,7,2,2,1,1,0,1,1,1,1,1,4,4,1,1,1,-1,-2,1,1,2,1,1,1,1,-1,1,1,2,4,3,6,0,0,0,1,3.74,0.694236703141574
30,0.5,NA,1,0,1.6,3,0.2,5,21,2,3,0,1,0,1,0,1,1,1,0,6,2,1,-1,-1,-1,1,1,1,1,1,4,5,1,1,1,-1,-1,1,2,1,2,1,1,1,-1,1,1,4,5,20,30,10,1,1,4,20.05,2.29222399937538
31,1,NA,0,0,1,2.5,0.222222222222222,3,53,3,10,1,2,1,0.5,0,1,1,0,0,15,6,1,-1,0,0,1,1,1,1,1,4,4,2,-1,1,-1,-1,1,1,0,1,1,2,1,-1,-1,1,5,4,20,45,50,1,1,5,26.04,1.09373352720002
32,1,NA,1,0,1.6,4,1,3,45,1,4,0,1,0,0,0,0,0,0,0,4,1,2,1,1,0,1,1,1,1,1,2,4,2,1,2,-1,-1,2,1,1,1,1,2,1,1,1,2,10,0,20,50,50,0,0,1,29,-0.903750593092228
33,0,1,0,0,1.6,3,0.25,4,51,4,8,0,2,1,0,0,1,1,0,0,9,3,1,1,1,0,1,1,-1,1,1,4,4,5,-1,-1,-1,-1,1,1,-1,1,1,1,1,-1,1,1,2,5,4,3,2,1,0,5,4.35,1.49323035125847
34,1,1,1,0,0.25,3.5,0.285714285714286,4,30,4,4,0,1,1,0,0,1,0.5,0,0,14,4,1,-1,1,0,1,1,1,-1,1,4,4,2,1,-1,-1,-1,1,1,-1,1,1,2,1,1,1,2,11,0,100,100,40,0,0,4,89.5,1.09373352720002
35,0,1,1,0,0.25,3.5,0.333333333333333,4,32,2,6,0,1,0,0,0,1,1,0,0,14,4,2,0,0,0,1,1,1,1,1,4,4,1,-1,-1,-1,-1,1,1,-1,1,1,2,1,2,1,1,12,0,100,300,150,0,0,2,121,0.694236703141574
36,0,1,0,0,1,2.33333333333333,0.25,2,30,1,5,1,2,0,1,0,1,1,0,0,7,3,1,-1,1,1,1,1,1,1,1,4,5,1,-1,0,-1,-1,2,1,1,2,2,1,1,-1,-1,2,2,0,2,12,5,0,0,1,4.1,-0.104756944975327
37,0,1,0,0,1,3,0.333333333333333,4,35,1,6,1,2,0,0,0,1,1,0,0,9,3,1,1,1,-1,1,1,1,1,1,4,4,1,-1,-1,-1,-1,1,1,1,1,1,-1,2,1,1,1,1,0,2,14,10,1,1,3,4.3,0.694236703141574
38,0,1,1,0,1.2,1,0.2,4,53,2,8,0,1,1,1,0,1,1,0,0,5,5,2,0,-1,-1,1,1,1,-1,1,4,4,1,1,1,2,-1,2,2,2,2,1,1,2,1,1,2,2,4,20,100,0,1,1,4,25.04,2.29222399937538
39,1,1,1,0,1.4,12,0.2,4,32,1,1,1,3,1,1,0,1,1,0,0,12,1,3,1,1,-1,1,1,1,1,1,2,4,3,1,1,-1,-1,1,1,1,1,0,0,1,1,2,1,3,8,8,17,0,1,1,3,8.88,2.29222399937538
40,1,0,1,0,0.8,2.1,0.25,4,46,3,13,0,1,0,1,0,1,1,0,0,21,10,3,1,1,1,1,1,-1,1,1,4,4,1,-2,1,-1,-1,1,1,0,1,2,-1,1,-1,1,1,4,8,15,17,20,0,0,3,16.28,1.49323035125847
41,1,0,1,0,0.25,2.1,0.333333333333333,4,61,0,0,1,2,0,0,0,1,1,0,0,21,10,1,1,-1,1,1,1,1,1,1,4,4,2,-1,0,-1,-1,1,2,-1,1,0,1,2,-1,1,2,4,8,15,17,20,0,0,0,16.28,0.694236703141574
42,1,1,1,0,1,3.4,0.333333333333333,4,19,0,0,1,3,0,0,0,1,0,0,1,17,5,2,-1,1,1,1,1,1,1,1,5,4,1,-1,-1,-1,-1,1,1,-1,1,1,1,1,-1,1,1,1,0,20,10,4,0,0,0,15.9,-0.104756944975327
43,0.5,1,0,0,1,1.66666666666667,0.333333333333333,4,34,1,1,0,1,0,0,0,1,1,0,0,5,3,2,1,1,1,1,1,1,1,1,4,4,2,-1,1,-1,-1,1,1,-1,1,1,1,1,-1,-1,1,1,3,4,8,2,0,0,1,4.33,0.694236703141574
44,1,1,1,0,1.2,3.5,0.2,4,30,1,0,1,2,0,1,0,1,1,1,0,14,4,2,1,1,1,1,1,-1,1,1,4,4,2,-1,1,-1,-1,1,1,1,1,-1,1,-1,-1,1,1,2,0,5,10,10,0,0,1,6.5,1.49323035125847
45,0.5,1,0,0,1,3,0.333333333333333,4,54,1,4,0,1,0,0,0,1,1,0,0,6,2,1,1,1,-1,1,1,1,-1,1,5,5,2,-1,-1,-1,-1,1,1,-1,1,1,1,2,1,1,1,1,3,10,7,6,0,0,1,8.83,0.694236703141574
46,0,1,1,0,1,5,0.25,4,37,1,1,0,2,0,0,1,1,1,0,0,10,2,2,1,1,-1,1,1,1,-1,1,1,4,2,-1,-1,-1,-1,1,1,-1,2,1,1,1,-1,1,1,4,1,10,50,40,1,1,3,18.01,0.694236703141574
47,1,1,0,0,0.8,5,0.166666666666667,4,37,1,2,1,3,1,0,1,1,1,0,1,5,1,3,1,1,-1,1,1,1,1,1,4,4,3,2,-1,-1,-1,2,2,1,2,2,2,2,-2,1,2,2,0,15,21,37,1,1,3,17.3,1.49323035125847
48,0.5,1,0,0,1.6,2,0.2,3,43,2,8,0,1,1,1,0,1,1,0,0,4,2,2,1,1,1,1,1,1,-1,1,4,4,3,1,1,-1,-1,2,1,0,2,1,2,2,1,1,1,5,10,5,10,10,1,1,4,8.1,1.49323035125847
49,1,0,1,0,1.6,4.33333333333333,0.333333333333333,4,46,2,10,1,2,0,0,0,1,1,0,0,13,3,1,1,-1,1,1,1,1,1,1,1,1,2,2,2,-1,1,2,1,-1,1,-1,-1,1,-1,1,2,4,5,40,5,30,1,1,4,33.55,0.694236703141574
50,1,0,1,0,1.6,3.75,0.333333333333333,4,59,3,11,0,2,0,0,0,1,1,0,0,15,4,1,1,0,1,1,1,1,1,1,1,4,2,2,2,-1,0,2,1,1,1,-1,-1,2,-1,1,2,2,0,10,4,3,0,1,4,8.7,0.694236703141574
51,1,0,0,0,1.6,2,0.25,4,70,1,10,0,1,1,0,0,1,1,0,0,4,2,1,1,1,1,1,1,1,1,1,2,4,1,1,2,0,-1,2,1,2,1,-1,-1,2,1,-1,2,5,10,5,10,10,1,1,3,8.1,1.49323035125847
52,1,0,0,0,1.6,1.33333333333333,0.333333333333333,4,45,1,4,1,2,0,0,0,1,1,0,0,8,6,1,1,1,1,1,1,1,-1,1,5,4,4,2,-1,1,-1,1,1,1,1,0,1,1,-1,-1,1,2,0,7,5,5,1,1,3,6.9,0.694236703141574
53,0.5,1,0,0,1.6,1.25,0.333333333333333,4,34,1,2,1,2,0,0,0,1,1,0,0,2.5,2,2,1,1,1,1,1,1,-1,1,4,4,5,1,-2,1,-2,1,1,2,1,0,1,1,-1,-1,1,1,20,5,5,10,0,0,1,5.7,0.694236703141574
54,1,NA,1,0,1.4,4,0.25,4,52,1,8,1,2,0,0,0,1,1,1,0,12,3,1,1,1,0,1,1,1,1,1,4,4,2,2,1,-1,1,2,2,1,2,2,2,2,-1,1,1,8,10,20,50,60,1,1,3,29.1,0.694236703141574
55,1,NA,0,0,1,3.5,0.25,4,40,1,4,1,2,1,0,0,1,1,0,0,7,2,2,-1,0,0,0,-1,1,-1,1,5,4,1,1,1,-1,-1,1,1,1,1,1,1,1,-1,1,1,8,20,50,70,0,0,1,2,46.2,1.49323035125847
56,0,1,1,0,0.6,7,0.25,4,30,2,4,0,1,0,1,0,1,1,0,0,14,2,1,1,1,1,1,1,1,1,1,2,4,1,1,1,-1,-1,1,1,2,1,2,2,1,-1,1,1,7,6,10,20,5,1,1,4,13.06,1.49323035125847
57,0.5,1,0,0,1.25,1.66666666666667,0.25,4,32,2,9,1,2,1,1,0,1,0,0,0,25,15,2,-1,1,-1,1,1,-1,1,1,4,4,3,2,1,-1,1,2,1,1,2,2,1,2,1,2,1,3,0,30,50,10,1,0,3,28.5,1.49323035125847
58,1,1,0,0,1.2,3.66666666666667,0.2,2,48,4,4,1,2,0,1,0,1,1,0,0,11,3,1,-1,1,-1,1,1,1,1,1,4,4,2,-1,-1,-1,1,1,2,-1,2,2,2,2,-2,-2,2,5,2,5,32,10,1,1,6,10.22,-0.104756944975327
59,1,1,1,0,0.25,2.5,0.2,4,27,2,3,0,1,1,1,0,1,1,0,0,5,2,3,1,-1,1,1,1,1,1,1,1,4,4,-2,1,-1,-1,2,1,2,1,2,2,2,-1,-1,1,5,3,10,20,20,0,0,2,13.53,2.29222399937538
60,0.5,1,0,0,0.5,5.33333333333333,0.142857142857143,3,37,1,3,1,3,1,1,1,0,1,1,1,16,3,4,1,1,0,1,1,1,1,1,2,4,1,1,2,-1,2,2,2,2,1,-1,-1,2,-1,2,1,10,36,2,1,3,1,0,2,7.16,1.49323035125847
61,0.5,1,1,0,1.2,2.5,0.25,4,32,1,3,0,1,0,1,0,1,1,0,0,5,2,1,1,1,0,1,1,1,0,0,1,4,1,-1,-1,-1,-1,1,2,0,1,2,1,1,0,-1,1,1,3,8,19,3,0,0,1,8.33,1.49323035125847
62,1,1,0,0,1.2,2.66666666666667,0.333333333333333,4,37,1,4,0,1,0,0,0,1,1,0,0,8,3,2,1,1,-1,1,1,-1,1,1,4,5,3,-1,1,-1,-1,1,1,0,1,1,1,1,-1,1,2,1,0,11,9,17,1,1,3,10.8,0.694236703141574
63,1,0,0,0,0,2.66666666666667,0.333333333333333,4,34,1,2,0,1,0,0,0,1,1,0,0,8,3,1,1,1,1,1,1,0,0,0,1,4,1,-1,1,-1,-2,1,1,1,1,1,1,1,1,-1,1,2,10,30,18,10,0,0,1,24.9,0.694236703141574
64,0,1,1,0,1.2,3.33333333333333,0.333333333333333,4,38,1,4,1,2,0,0,0,1,1,0,0,10,3,2,1,1,-1,1,1,1,-1,1,4,5,1,-1,-1,-1,-1,1,2,2,1,1,1,1,-1,1,2,5,3,15,23,10,0,0,1,16.33,0.694236703141574
65,0.5,NA,1,0,1.4,5.25,1,4,43,3,6,0,1,0,0,0,0,0,0,0,21,4,1,1,-1,-1,1,1,1,-1,-1,2,4,3,-1,1,-1,-1,1,1,0,2,1,1,1,-1,0,2,1,0,10,63,77,0,0,3,21.5,-0.104756944975327
66,1,NA,1,0,1.2,2.66666666666667,0.25,5,34,2,5,0,1,0,1,0,1,1,0,0,8,3,1,1,0,0,1,1,1,-1,1,2,4,1,-1,-2,-1,-1,1,1,2,1,1,1,1,1,-1,2,4,0,22,51,42,0,0,2,26.7,2.29222399937538
67,1,NA,1,0,1.2,4,0.333333333333333,4,49,3,12,0,1,0,0,0,1,1,0,0,16,4,2,1,0,0,1,1,1,0,-1,2,4,1,-1,1,-1,-1,2,2,1,1,2,1,1,2,-1,1,4,10,26,67,43,1,1,5,31.3,0.694236703141574
68,0,1,1,0,1.2,2.625,0.25,4,45,3,8,0,1,0,1,0,1,1,0,0,21,8,1,1,1,-1,1,1,1,-1,1,5,5,3,-1,-1,-1,-1,1,1,1,1,1,1,1,-1,1,1,3,5,11,23,14,0,0,3,12.95,1.49323035125847
69,0.5,1,1,0,1.2,3.75,0.333333333333333,3,38,3,11,1,2,0,0,0,1,1,0,0,15,4,2,1,1,-1,1,1,1,1,1,2,4,1,-1,1,-1,-1,1,1,1,1,1,1,1,0,-1,1,6,0,36,110,50,1,1,5,44.2,-0.104756944975327
70,1,NA,1,0,1.2,1.66666666666667,0.333333333333333,4,54,1,4,1,2,1,0,0,1,1,0,0,5,3,2,1,1,1,1,1,1,1,1,4,5,3,-2,-1,-1,-1,1,2,1,1,2,1,1,-1,1,2,2,10,20,34,0,1,1,3,18.5,1.49323035125847
71,1,0,0,0,1.6,2.4,0.25,4,53,2,8,1,2,0,1,0,1,1,0,0,12,5,1,1,1,1,1,1,1,1,1,4,5,3,-1,1,-1,-2,2,1,1,1,1,1,2,-1,1,1,2,4,10,31,12,1,1,4,12.34,1.49323035125847
72,0,1,1,0,1.4,2.5,0.333333333333333,4,36,1,2,0,1,0,0,0,1,1,0,0,5,2,3,1,1,1,1,1,1,1,1,4,5,2,-1,-1,-1,-1,1,1,1,1,1,1,1,-1,1,1,1,0,3,5,8,0,0,1,3.9,0.694236703141574
73,1,0,1,0,1.2,4.33333333333333,0.5,4,40,2,10,1,2,0,0,0,1,0,0,0,13,3,2,1,1,1,1,1,1,-1,-1,2,4,1,-1,1,-1,-1,1,1,1,1,1,1,1,1,-1,1,4,0,45,56,18,1,0,3,40.9,-0.104756944975327
74,1,0,0,0,1.6,4,0.25,4,33,1,3,0,1,1,0,0,1,1,0,0,5,2,3,1,1,1,1,1,1,1,1,2,4,1,-1,1,-1,-1,1,1,1,1,1,1,1,1,-1,1,2,0,10,17,0,0,0,1,9.7,1.49323035125847
75,0.5,1,0,0,1.2,3,0.333333333333333,4,49,2,11,0,1,0,0,0,1,1,0,0,15,5,2,1,1,0,1,1,1,1,1,2,4,1,1,1,-1,-1,1,1,1,1,1,1,1,1,0,1,2,0,10,15,10,0,0,2,10.5,0.694236703141574
76,0.5,1,1,0,1.6,3.85714285714286,0.333333333333333,3,51,3,4,0,1,0,0,0,1,1,0,0,27,7,1,-1,-1,-1,1,1,0,0,0,1,4,1,1,1,-1,1,1,1,2,1,1,1,1,1,2,1,1,0,4,13,0,0,0,3,4.6,-0.104756944975327
77,1,NA,0,0,1.6,2,0.333333333333333,4,29,1,2,0,1,0,0,0,1,1,0,0,4,2,1,1,1,1,1,1,1,0,1,1,4,1,-1,1,-1,-1,1,1,0,1,1,1,1,-1,1,1,1,15,3,10,3,0,0,1,4.05,0.694236703141574
78,1,1,0,0,1.2,4.5,0.333333333333333,4,34,1,4,1,2,0,0,0,1,1,0,0,9,2,1,1,1,0,1,1,1,1,1,2,4,1,-1,-1,-2,-1,1,1,0,1,1,1,2,1,-1,1,4,0,15,27,33,0,0,1,18.5,0.694236703141574
79,1,0,1,0,1.2,4.33333333333333,0.25,4,36,2,7,0,1,0,1,0,1,1,0,0,13,3,1,1,1,1,1,1,1,1,1,1,4,1,-1,-1,-1,-1,1,1,1,1,1,1,1,-1,-2,2,1,8,5,9,10,0,0,2,5.98,1.49323035125847
80,0.5,1,1,0,1.2,3.66666666666667,1,3,38,2,8,0,1,0,0,0,0,0,0,0,11,3,2,-1,0,0,1,1,1,1,1,1,4,1,-1,1,-1,-1,1,1,1,1,1,1,1,1,1,1,7,0,81,105,72,0,0,2,77.9,-0.903750593092228
81,1,0,0,0,1.2,3.5,0.333333333333333,4,44,1,5,0,1,0,0,0,1,1,0,0,7,2,1,1,1,1,1,1,1,1,1,2,4,1,-1,-1,-1,-1,1,1,1,1,1,1,1,-1,1,1,1,3,2,10,0,0,0,1,2.93,0.694236703141574
82,1,0,0,0,1.2,1,0.333333333333333,4,48,1,6,0,1,0,0,0,1,1,0,0,8,8,1,1,-1,-1,1,1,1,-1,1,4,5,3,-1,-1,-1,-1,1,1,0,2,1,1,1,-1,1,1,1,5,12,32,0,1,1,3,12.15,0.694236703141574
83,1,0,1,0,1.75,1.66666666666667,0.333333333333333,4,64,1,3,1,2,0,0,0,1,1,0,0,5,3,1,1,1,-1,1,1,1,-1,1,4,5,4,-1,-1,-1,-1,2,2,1,2,1,1,2,-1,1,2,2,10,3,14,7,0,0,1,5.3,0.694236703141574
84,1,0,0,0,1.2,3,0.333333333333333,4,31,2,3,0,1,0,0,0,1,1,0,0,9,3,1,1,1,1,1,1,1,-1,1,4,5,5,-1,-1,-1,-1,1,1,1,1,1,1,1,-1,1,1,2,7,4,8,0,1,1,4,4.67,0.694236703141574
85,0,1,0,1,1.4,1.5,0.2,4,20,4,1,1,2,1,0,1,0,1,1,0,3,2,1,0,-1,0,1,1,1,1,1,1,4,1,1,2,-2,-2,1,-1,0,2,2,1,2,2,0,1,4,0,5,3,7,0,0,4,6.5,1.49323035125847
86,0,1,0,1,1.2,2,0.5,3,25,6,4,1,2,0,0,0,1,0,0,0,4,2,1,-1,-1,-1,1,1,1,1,1,2,2,1,2,1,-2,2,1,0,2,2,2,1,1,2,-2,2,1,1,1,1,1,0,0,6,1.41,-0.903750593092228
87,1,0,0,1,0.6,2.5,0.5,3,27,1,3,0,1,0,0,0,1,0,0,0,5,2,1,-1,1,-1,1,1,1,0,1,2,5,1,1,2,-1,0,2,2,2,1,2,2,2,1,0,1,1,3,4,5,5,0,0,1,4.33,-0.903750593092228
88,0,1,0,1,1.2,1,0.333333333333333,2,68,2,11,0,1,0,0,1,1,0,0,0,5,5,1,0,1,-1,1,0,1,0,0,1,5,1,2,1,0,-2,2,0,1,2,-2,1,0,2,-2,-1,17,0,70,80,40,0,0,2,69.5,-1.70274424120913
89,0,1,0,1,0.8,1.25,0.166666666666667,3,65,3,10,0,1,1,0,0,1,1,1,1,5,4,3,1,1,-1,1,1,1,0,1,4,5,1,0,2,2,-2,2,-1,0,1,2,1,-1,2,-2,2,3,7,5,4,4,0,0,3,5.87,0.694236703141574
90,1,0,0,1,1.6,1.33333333333333,0.2,3,78,2,9,0,1,0,0,0,1,1,1,1,4,3,1,0,1,0,1,1,1,1,1,2,5,1,1,2,-1,0,2,-2,1,0,2,2,0,2,1,2,3,6,3,10,5,0,0,2,5.16,-0.104756944975327
91,0,1,0,1,0.6,1.5,0.333333333333333,3,25,2,6,0,1,0,0,1,1,0,0,0,6,4,1,1,-1,-1,1,0,1,0,-1,3,5,1,-1,-1,1,-2,2,0,1,2,2,0,1,2,-1,2,4,0,3,5,10,0,0,2,5.6,-0.903750593092228
92,0,1,0,1,0.8,1.33333333333333,0.333333333333333,3,32,1,2,0,1,0,0,1,1,0,0,0,4,3,4,1,0,-1,1,1,1,1,1,1,1,1,1,2,-2,-2,2,2,0,1,0,-2,1,1,-1,1,5,5,2,10,6,0,1,2,5.55,-0.903750593092228
93,0,1,0,1,1.4,1.25,1,3,45,1,4,0,1,0,0,0,0,0,0,0,5,4,5,1,-1,-1,1,1,1,1,1,1,1,1,-2,1,-2,-2,2,1,0,1,1,1,0,2,2,1,0,0,0,4,3,0,0,1,0.7,-0.903750593092228
94,NA,NA,NA,1,1.2,3.66666666666667,0.333333333333333,2,47,2,8,0,1,0,1,0,1,0,0,0,11,3,3,-1,0,0,1,1,1,1,1,2,2,1,2,2,2,2,2,2,2,2,2,2,2,2,2,2,5,100,100,10,60,0,1,3,80.5,-0.903750593092228
95,0,1,0,1,0.8,1.5,0.5,2,23,1,1,1,2,0,0,0,1,0,0,0,3,2,2,1,0,0,1,1,1,1,1,1,1,1,2,2,0,-2,0,-2,1,2,0,-1,-1,-1,-2,2,2,5,8,8,0,0,0,1,7.45,-1.70274424120913
96,0,1,0,1,0.75,1.33333333333333,0.333333333333333,3,37,3,4,0,1,0,0,0,1,1,0,0,4,3,1,1,-1,0,1,1,-1,0,1,1,1,1,2,1,-2,2,2,2,2,0,-1,0,2,0,-2,2,5,6,4,10,10,0,1,4,7.36,-0.104756944975327
97,0,1,0,1,0.4,1.5,0,3,39,4,6,0,1,0,1,1,1,0,1,0,6,4,2,0,-1,-1,1,0,1,1,1,4,2,1,2,1,0,2,2,1,0,-1,2,1,2,-2,0,1,7,0,85,150,180,0,1,5,96,-0.104756944975327
98,1,0,0,1,1.2,1.4,0.166666666666667,5,29,2,10,0,1,1,0,1,1,1,1,0,7,5,4,1,-1,0,1,1,1,0,0,1,4,1,2,2,-2,-2,0,0,2,0,2,1,0,-1,-2,-1,20,2,8,7,15,0,0,2,17.82,2.29222399937538
99,0,1,0,1,1,1.75,0.25,3,23,4,7,0,1,0,0,0,1,1,1,0,7,4,1,1,-1,0,-1,-1,1,1,1,1,1,1,2,1,-2,0,-1,1,2,0,0,-1,0,2,0,-1,2,20,20,3,54,0,0,4,20.9,-0.104756944975327
100,0,1,0,1,0.8,1,1,4,23,1,0,0,1,0,0,0,0,0,0,0,2,2,1,-1,1,1,1,1,1,1,1,1,3,1,2,2,-1,1,2,2,2,1,1,0,1,-1,1,2,1,4,1,2,4,0,0,1,1.84,-0.104756944975327
101,1,0,0,1,0.6,1.5,1,3,41,3,7,0,1,0,0,0,0,0,0,0,6,4,2,0,1,-1,1,1,0,0,0,1,1,1,1,0,-2,1,2,1,2,1,2,1,-1,-1,2,1,0,250,100,1,100,0,0,3,82.6,-0.903750593092228
102,0,1,0,1,0.8,2.5,0.333333333333333,3,30,1,7,1,2,0,0,1,1,0,0,0,5,2,2,0,-1,-1,1,0,0,0,0,1,1,1,2,1,1,0,2,1,2,1,1,2,0,-1,1,-2,1,2,40,30,10,0,0,1,32.52,-0.903750593092228
103,0,1,0,1,0.6,1.66666666666667,0.333333333333333,3,36,2,7,1,2,0,0,1,1,0,0,0,5,3,2,1,-1,-1,0,1,1,0,0,1,2,1,2,2,1,1,2,1,2,1,2,2,0,0,1,1,3,0,16,15,28,0,0,2,17,-0.903750593092228
104,0,1,0,1,0.8,1.5,0.5,3,20,1,1,0,1,0,0,0,1,0,0,0,3,2,2,0,-1,1,0,1,-1,0,0,1,1,1,2,1,1,2,1,0,0,-1,-1,-2,1,2,-1,0,0,0,1,5,1,0,0,1,1.3,-0.903750593092228
105,0,1,0,1,0.8,1.25,1,3,38,2,11,0,1,0,0,0,0,0,0,0,5,4,1,-1,-1,0,1,1,1,0,1,2,4,1,2,2,-1,-1,1,1,2,1,2,1,-2,1,2,2,1,40,2,2,1,0,0,2,2.6,-0.903750593092228
106,0,1,1,1,0.8,1.25,1,3,72,4,15,0,1,0,0,0,0,0,0,0,5,4,1,1,-1,-1,-1,1,1,-1,1,1,4,1,2,2,-2,2,1,0,0,1,0,0,1,-2,0,1,7,0,105,72,4,0,0,4,84.6,-0.903750593092228
107,0,1,1,1,1,1.66666666666667,0.5,3,42,2,8,0,1,0,0,0,1,0,0,0,10,6,1,0,0,1,1,1,1,0,0,1,4,1,2,2,1,-2,-2,0,0,1,2,1,2,1,0,2,4,2,6,3,3,0,0,2,6.82,-0.903750593092228
108,0,1,1,1,1,1,1,3,43,4,0,0,1,0,0,0,0,0,0,0,2,2,1,-1,0,-1,0,1,1,0,0,1,4,1,2,1,0,-2,0,0,2,0,1,1,2,0,1,2,5,0,12,11,9,0,0,4,12.9,-0.903750593092228
109,0,1,1,1,0.8,1.4,0.5,3,74,7,8,0,1,0,0,0,1,0,0,0,7,5,1,1,0,1,1,1,1,0,0,1,4,1,1,2,1,-2,0,1,0,1,2,2,1,2,-1,1,2,1,5,4,3,0,0,7,5.21,-0.903750593092228
110,0,1,0,1,0.8,1.33333333333333,0.5,1,80,7,40,0,1,0,0,0,1,0,0,0,100,75,1,-1,0,0,1,0,0,1,1,1,5,1,2,2,-2,1,0,-2,2,0,0,0,1,0,-1,1,4,0,80,15,10,0,0,7,60.5,-2.50173788932603
111,1,0,0,1,0.75,2,0.25,3,34,1,6,0,1,0,0,1,1,0,1,0,4,2,1,-1,-1,0,1,1,1,1,1,3,5,1,2,2,-2,-1,2,-2,0,1,2,0,1,1,0,2,4,0,3,5,6,0,0,1,5.2,-0.903750593092228
112,0,1,0,1,1.2,1.66666666666667,0.333333333333333,2,29,2,3,0,1,0,0,1,1,0,0,0,5,3,3,-1,1,-1,1,1,1,0,-1,1,1,1,2,0,-1,2,1,2,2,1,0,2,1,0,-1,2,8,0,15,9,4,0,0,2,15.8,-1.70274424120913
113,0,1,0,1,0.8,1,0.5,3,50,12,12,0,1,0,0,0,1,0,0,0,4,4,1,1,0,1,0,-1,-1,1,0,1,4,1,2,1,2,1,0,2,2,1,2,1,2,2,0,1,0,3,30,2,2,0,0,12,21.43,-0.903750593092228
114,0,1,0,1,0.6,2.5,0.2,4,24,1,4,1,3,0,0,1,1,1,0,1,5,2,2,1,1,1,1,1,1,1,1,4,5,4,-2,-2,2,-2,2,2,1,1,1,2,1,-2,1,2,0,2,4,3,5,0,0,1,3.62,0.694236703141574
115,0,1,0,1,1.2,3.5,0.333333333333333,4,35,2,7,0,1,0,0,0,1,1,0,0,7,2,1,0,-1,0,1,1,1,1,1,3,3,1,-2,-1,-2,-1,2,1,0,2,1,1,1,2,-2,2,2,0,3,4,3,0,0,2,3.8,0.694236703141574
116,0,1,0,1,0.4,1,0.333333333333333,2,68,6,9,0,1,0,0,0,1,1,0,0,5,5,1,1,1,-1,1,1,1,1,1,5,5,1,1,2,-1,0,2,2,1,2,1,2,1,0,1,2,3,20,50,40,4,0,0,6,41.1,-0.903750593092228
117,0,1,0,1,0.6,2,0.5,3,80,7,40,0,1,0,0,0,1,0,0,0,20,4,1,0,-1,0,0,0,0,1,0,1,1,1,2,2,-1,1,1,0,2,0,0,0,1,2,0,2,3,0,95,82,78,0,0,7,84,-0.903750593092228
118,0,1,0,1,1,1.5,0.25,5,52,1,5,0,1,0,0,1,1,0,1,0,3,2,4,0,1,-1,1,0,1,0,0,1,4,3,2,1,0,1,2,2,1,1,2,2,1,1,1,2,3,0,32,4,18,0,0,1,26.1,0.694236703141574
119,0,1,0,1,0.8,1.5,0.333333333333333,2,27,2,1,0,1,0,0,0,1,1,0,0,3,2,1,1,1,0,1,1,1,1,1,1,2,1,1,2,-2,-1,2,1,2,1,0,0,1,2,0,2,4,4,7,10,20,0,0,2,9.94,-0.903750593092228
120,0,1,0,1,0.6,2.5,0.25,3,27,1,1,0,1,0,1,1,1,0,0,0,5,2,2,0,-1,0,-1,1,1,0,-1,1,1,1,2,2,2,-1,-2,1,2,-1,-2,-1,2,2,1,2,2,0,0,4,0,0,0,1,1.4,-0.104756944975327
121,0,1,0,1,0.75,2,0.5,3,24,0,0,0,1,0,0,0,1,0,0,0,2,1,5,1,1,-1,1,1,1,0,0,1,1,1,2,2,-1,1,1,2,2,1,2,2,1,2,1,0,12,0,75,750,520,0,1,1,185.5,-0.903750593092228
122,0,1,0,1,0.8,1.33333333333333,0.2,3,29,2,5,1,2,0,0,1,1,1,1,0,4,3,5,1,1,-1,1,0,1,0,1,1,1,1,2,2,1,2,0,-1,-1,-1,-1,0,-2,2,0,1,0,0,2,5,10,0,0,2,2.9,-0.104756944975327
123,0,1,0,1,0.8,1.5,0.5,3,30,3,7,0,1,0,0,0,1,0,0,0,9,4,1,0,-1,-1,1,1,1,1,1,4,4,1,2,1,-2,2,2,-1,2,0,1,1,2,0,0,2,10,40,100,40,40,0,0,3,83.4,-0.903750593092228
124,0,1,1,1,1,3.5,0.5,3,24,2,5,1,3,0,0,0,1,0,0,0,7,2,2,1,1,-1,0,1,1,0,0,2,4,1,2,2,1,0,1,1,2,1,2,0,1,0,0,1,7,0,76,48,15,0,0,2,63,-0.903750593092228
125,NA,NA,NA,1,0.25,1.5,1,3,26,1,1,0,1,0,0,0,0,0,0,0,3,2,1,0,1,-1,1,1,1,0,0,1,1,1,1,2,-1,-1,1,-1,0,1,-1,2,1,2,2,1,1,0,3,16,6,0,0,1,4.8,-0.903750593092228
126,0,1,0,1,1,1,0.5,4,80,5,12,0,1,0,0,0,0,0,0,1,7,7,1,-1,0,-1,1,1,1,1,1,1,4,1,2,2,-2,1,2,0,2,-1,1,2,0,1,0,1,20,50,200,85,45,0,0,5,163.5,-0.104756944975327
127,0.5,1,1,1,1.2,1.5,0.5,3,28,0,0,0,1,0,0,0,1,0,0,0,3,2,1,1,0,-1,1,1,1,1,1,1,4,1,2,1,0,-1,1,1,1,2,0,-1,1,0,-1,2,17,0,150,85,28,0,0,0,124.8,-0.903750593092228
128,0,1,1,1,0.8,1.75,1,3,36,4,6,0,1,0,0,0,0,0,0,0,7,4,3,0,0,0,1,0,1,0,0,1,1,1,2,1,-1,0,2,-2,2,0,0,0,1,2,1,2,10,0,25,2,10,0,0,4,23.7,-0.903750593092228
129,0,1,1,1,0.8,2.25,1,4,32,3,11,0,1,0,0,0,0,0,0,0,9,4,1,1,-1,1,0,0,1,0,0,1,1,1,2,2,-2,1,2,1,2,1,0,0,1,-2,0,1,56,0,100,230,150,0,1,4,136,-0.104756944975327
130,0,1,0,1,1,1.6,0.333333333333333,2,75,8,40,0,1,0,0,0,1,1,0,0,32,20,3,0,-1,0,1,1,1,0,-1,1,4,1,-1,1,-2,2,2,1,2,0,0,0,2,1,0,2,88,0,80,230,100,0,1,9,133,-0.903750593092228
131,0,1,0,1,0.8,2,0.5,5,30,2,3,0,1,0,0,0,0,0,1,0,6,3,1,1,1,-1,0,0,1,0,0,4,4,1,1,0,0,1,1,2,1,2,0,1,1,2,0,2,3,0,14,7,20,0,0,2,14,0.694236703141574
132,0,1,0,1,0.8,1.2,0.25,5,65,4,4,0,1,0,0,0,1,1,1,0,6,5,4,1,1,-1,1,0,1,0,0,1,1,1,2,1,2,1,2,1,2,0,2,0,1,0,1,0,4,10,5,10,20,0,0,4,8.6,1.49323035125847
133,0,1,0,1,0.8,2.33333333333333,0.2,4,52,2,4,0,1,1,0,0,1,1,1,0,7,3,3,1,0,0,1,1,1,0,0,1,1,1,2,1,2,0,1,0,2,1,2,1,2,1,2,1,2,5,2,5,10,0,0,2,3.95,1.49323035125847
134,0,1,0,1,0.8,1.4,0.5,2,50,4,11,0,1,0,0,0,0,0,1,0,14,10,1,1,0,-1,1,1,0,0,0,1,1,1,1,1,0,1,2,2,2,2,1,1,2,2,1,2,4,0,6,5,10,0,0,4,7.7,-1.70274424120913
135,NA,1,0,1,1,2.5,0.5,4,32,1,2,1,2,0,0,0,1,0,0,0,5,2,1,1,0,-1,1,1,1,1,1,2,4,1,1,1,-1,1,1,1,1,1,1,1,1,1,-1,1,1,5,1000,200,500,0,0,1,770.55,-0.104756944975327
136,NA,1,0,1,0.8,1.875,0.5,4,68,2,12,1,2,0,0,0,1,0,0,0,15,8,1,-1,1,-1,1,1,1,-1,0,1,1,1,1,1,-1,1,-1,1,1,-1,-1,1,1,1,-1,1,6,10,30,100,20,0,0,2,36.1,-0.104756944975327
137,NA,NA,NA,1,1,3,0.25,4,37,1,4,1,2,0,0,1,1,1,0,0,6,2,1,1,1,0,1,1,1,1,1,1,5,1,1,1,-1,-1,1,1,-1,1,1,-1,1,1,-1,1,2,0,6,15,6,0,0,1,7.3,0.694236703141574
138,0,1,0,1,1.4,1.25,0.2,3,68,2,7,0,2,1,0,1,1,0,0,1,5,4,3,-1,-1,-1,1,1,1,1,1,2,4,1,2,2,-1,2,1,2,2,2,2,2,1,-1,2,2,3,10,4,40,30,0,0,2,11.4,-0.104756944975327
139,0.5,1,0,1,1.4,3.33333333333333,0.25,5,55,1,8,0,1,0,0,1,1,1,0,0,10,3,2,1,0,0,1,1,1,1,1,2,3,1,2,2,-2,-2,2,-2,2,2,2,0,2,-2,0,2,3,0,15,47,39,0,1,2,20.6,1.49323035125847
140,0,1,0,1,1,1.625,1,3,80,9,37,0,1,0,0,0,0,0,0,0,52,32,1,-1,1,-1,1,0,1,0,0,1,4,1,1,1,-1,0,2,1,1,2,2,0,1,0,1,0,10,0,70,30,20,0,0,9,59,-0.903750593092228
141,0,1,0,1,0.6,2.66666666666667,0.5,3,42,2,5,0,1,0,0,0,1,0,0,0,8,3,3,1,0,-1,1,1,1,0,0,1,4,1,2,2,-1,1,2,2,1,1,2,0,1,0,1,2,3,0,7,4,5,0,0,2,7.3,-0.903750593092228
142,0,1,1,1,1,1.4,0.5,2,69,7,7,0,1,0,0,0,1,0,0,0,7,5,1,1,1,-1,1,1,1,1,1,1,1,1,2,1,0,1,2,1,0,1,1,2,2,1,1,2,5,0,8,32,6,0,0,7,11.9,-1.70274424120913
143,0,1,1,1,1,2.14285714285714,0.25,3,32,4,11,0,1,0,0,1,0,1,1,0,15,7,1,0,0,-1,1,0,0,0,0,1,1,1,2,1,0,-1,2,2,1,2,0,0,1,0,1,2,92,0,100,165,78,0,1,5,140.3,-0.104756944975327
144,0,1,0,1,1.4,2.5,0.5,4,30,1,3,0,1,0,0,0,1,0,0,0,5,2,1,1,0,0,0,1,1,0,0,1,1,1,2,2,1,2,1,1,2,1,2,1,2,1,2,1,3,0,7,4,5,0,0,1,7.3,-0.104756944975327
145,0,1,1,1,0.8,1.05,0.5,3,80,12,40,0,1,0,0,0,1,0,0,0,105,100,1,1,-1,-1,1,0,1,0,0,1,1,1,2,1,-1,1,2,0,-1,0,0,1,0,2,2,1,7,0,15,3,9,0,0,12,15.2,-0.903750593092228
146,0,1,0,1,0.8,2.5,0.333333333333333,3,20,1,10,0,1,0,0,0,1,1,0,0,10,4,1,1,-1,-1,1,1,1,1,1,3,4,1,2,2,-2,-2,2,0,2,2,1,1,2,0,1,2,2,9,5,10,6,0,1,2,6.19,-0.104756944975327
147,0,1,0,1,0.75,1.4,0.2,3,32,2,9,0,1,1,0,0,1,1,1,0,7,5,1,1,-1,0,1,1,1,1,1,3,1,2,2,1,-2,2,1,0,0,1,2,-1,2,0,2,1,4,3,4,10,3,0,1,3,6.13,0.694236703141574
148,0,1,1,1,0.8,2.5,1,3,26,1,3,0,1,0,0,0,0,0,0,0,5,2,1,1,0,-1,1,0,1,0,0,1,1,1,2,0,-1,-2,-1,0,1,-2,1,2,1,2,1,0,7,0,72,85,90,0,0,1,71.4,-0.903750593092228
149,0,1,0,1,1,3.5,0.5,3,32,4,5,0,1,0,0,0,1,0,0,0,7,2,1,1,1,-1,1,0,1,0,0,1,1,1,0,-2,-1,0,0,-1,-2,0,2,1,0,1,0,0,3,0,10,4,5,0,0,4,9.4,-0.903750593092228
150,0,1,0,1,1.2,1.5,0.5,2,30,2,1,0,1,0,0,0,1,0,0,0,3,2,1,1,-1,0,1,1,-1,0,0,1,1,1,2,1,2,1,2,2,2,2,1,1,2,2,1,2,2,4,3,3,5,0,0,2,3.94,-1.70274424120913
151,0,1,0,1,0.75,1.66666666666667,0.5,3,33,2,6,0,1,0,0,0,1,0,0,0,5,3,4,-1,-1,-1,-1,0,0,0,0,1,1,1,2,2,2,-1,2,1,0,2,1,0,0,1,2,1,12,0,13,11,20,0,0,2,18.2,-0.903750593092228
152,0,1,1,1,0.8,1.8,0.333333333333333,3,36,3,7,0,1,0,0,0,1,1,0,0,9,5,1,1,0,-1,1,1,1,0,0,1,1,1,2,0,-1,2,1,2,0,2,2,0,1,-1,0,1,15,0,86,75,25,0,0,3,77.7,-0.104756944975327
153,0,1,1,1,1,2.5,0.333333333333333,3,23,2,3,1,2,0,0,0,1,1,0,0,5,2,1,0,-1,1,0,0,1,0,0,1,1,1,2,1,2,1,2,1,2,0,0,1,0,2,0,1,3,0,7,4,5,0,0,2,7.3,-0.104756944975327
154,0,1,1,1,1,2.33333333333333,0.2,3,36,2,5,0,1,0,0,1,1,1,1,0,7,3,3,1,1,0,-1,1,1,0,0,1,1,1,2,0,1,2,0,2,-1,2,1,0,1,2,1,0,10,0,30,20,12,0,0,2,29.2,-0.104756944975327
155,0,1,1,1,0.8,1.5,0.5,5,50,2,10,0,1,0,0,0,1,0,0,0,12,8,1,1,1,-1,1,1,1,0,0,1,1,1,2,1,2,2,1,2,0,-1,-2,0,-1,2,-1,0,8,0,15,10,12,0,0,2,16.7,0.694236703141574
156,0,1,0,1,1,1.66666666666667,0.25,3,40,1,3,0,1,0,0,0,1,1,1,0,5,3,1,1,0,1,-1,1,1,0,0,1,1,1,2,1,-1,-2,0,2,1,2,1,0,-1,0,-1,1,7,5,13,9,10,0,1,2,14.55,-0.104756944975327
157,0,1,1,1,1,2.66666666666667,0.25,3,35,2,5,0,1,0,0,1,1,0,1,0,8,3,2,1,0,0,0,-1,-1,0,-1,1,1,1,2,1,2,0,2,1,2,0,0,-2,-1,0,-1,1,7,0,10,8,9,0,0,2,12.2,-0.903750593092228
158,0,1,0,1,1,2.5,0.5,3,30,1,3,0,1,0,0,1,0,0,0,0,5,2,1,-1,0,-1,1,1,1,0,0,1,1,1,1,2,-1,1,0,1,2,-2,0,2,1,2,0,-2,8,13,200,100,56,0,1,2,159.73,-0.903750593092228
159,0,1,0,1,1,2,0.2,3,35,4,10,0,1,1,1,1,1,0,0,0,6,3,3,1,0,0,1,1,1,1,1,1,5,4,2,1,-2,-2,1,-1,2,1,0,0,1,-1,0,-1,1,0,0,2,0,0,0,4,0.7,0.694236703141574
160,0,1,0,1,0.8,2,0.5,2,38,1,5,0,1,0,0,0,1,0,0,0,4,2,3,1,-1,0,1,1,1,0,0,1,1,1,2,1,0,2,0,0,-1,-1,1,1,2,1,2,1,11,0,78,80,90,0,0,1,77.1,-1.70274424120913
161,0,1,0,1,1,2.33333333333333,0.5,3,32,2,5,0,1,0,0,0,1,0,0,0,7,3,4,1,-1,-1,1,1,1,0,0,1,1,1,2,2,-1,-1,2,1,2,1,0,0,2,-2,0,-1,3,0,20,4,17,0,0,2,17.6,-0.903750593092228
162,0,1,1,1,1,2.5,0.5,3,32,1,3,0,1,0,0,0,1,0,0,0,5,2,2,1,1,0,1,1,1,0,0,1,1,1,1,2,-2,-2,2,0,0,1,2,0,-2,0,-1,2,4,5,3,20,20,0,0,1,8.15,-0.903750593092228
163,1,0,1,1,0.8,1,1,3,28,0,0,0,1,0,0,0,0,0,0,0,1,1,1,1,0,0,-1,1,1,0,0,1,1,1,2,1,0,1,0,2,-1,1,2,0,1,2,1,0,2,0,2,5,4,0,0,0,3.3,-0.903750593092228
164,0,1,1,1,1,2.25,1,4,52,4,22,0,1,0,0,0,0,0,0,0,18,8,1,1,1,0,1,1,1,0,0,1,1,1,1,0,-2,0,0,-2,1,0,1,-1,0,1,2,1,5,0,15,10,22,0,0,4,16.2,-0.104756944975327
165,1,0,1,1,1,1.66666666666667,0.25,3,50,2,8,0,1,0,0,1,0,1,1,0,5,3,1,1,-1,0,1,0,1,1,1,3,4,1,2,1,0,1,2,-1,1,2,1,0,-1,2,-2,2,5,0,12,8,0,0,0,2,11.7,-0.104756944975327
166,0,1,1,1,1,2.5,0.5,3,22,3,3,0,1,0,0,0,1,0,0,0,5,2,3,1,-1,0,1,1,1,0,0,1,1,1,2,1,1,-1,0,-2,0,1,0,1,2,0,-1,-1,10,10,15,7,12,0,0,3,17.5,-0.903750593092228
167,0,1,1,1,1.4,2,1,3,45,3,4,0,1,0,0,0,0,0,0,0,6,3,1,1,0,1,-1,1,1,0,0,1,1,1,2,1,-1,2,0,1,2,0,2,-2,2,-1,0,2,13,0,32,152,15,0,0,3,45.6,-0.903750593092228
168,1,0,1,1,0.5,1.33333333333333,1,3,72,4,11,0,1,0,0,0,0,0,0,0,16,12,1,1,0,0,1,-1,1,0,0,1,1,1,2,0,-2,0,2,1,-1,0,0,-1,0,1,2,1,8,0,80,30,100,0,0,4,73,-0.903750593092228
169,1,0,1,1,0.8,2,0.25,3,38,1,2,0,1,0,0,0,1,1,1,0,4,2,1,1,0,0,1,1,1,0,0,1,1,1,2,1,0,1,2,1,0,2,0,2,1,0,-1,-2,0,0,3,2,2,0,0,1,2.5,-0.104756944975327
170,0,1,1,1,0.8,1,0.5,3,42,2,1,0,1,0,0,0,1,0,0,0,3,3,1,1,-1,-1,1,0,1,0,0,1,1,1,1,2,1,0,-1,-2,0,2,2,-1,0,2,1,0,7,13,67,35,100,0,0,2,64.03,-0.903750593092228
171,0,1,1,1,0.8,3,0.5,3,24,2,5,0,1,0,0,0,1,0,0,0,6,2,1,1,1,-1,1,1,1,0,0,2,4,3,2,1,-2,0,-1,1,-1,0,2,0,1,0,2,1,3,0,7,6,8,0,0,2,7.8,-0.903750593092228
172,1,0,1,1,0.8,1.33333333333333,0.5,3,43,2,9,0,1,0,0,0,1,0,0,0,8,6,1,1,0,0,-1,1,1,0,0,1,1,1,2,0,2,1,0,2,0,-1,-2,0,-2,0,-1,0,3,0,10,7,12,0,0,2,10.4,-0.903750593092228
173,0,1,1,1,1.2,4.5,0.5,3,80,7,7,0,1,0,0,0,1,0,0,0,9,2,1,1,-1,-1,0,0,1,0,0,1,1,1,2,2,-1,1,0,1,0,2,0,1,0,2,0,-1,2,0,3,5,4,0,0,7,4,-0.903750593092228
174,0,1,1,1,1,2,0.5,3,28,1,3,0,1,0,0,0,1,0,0,0,4,2,1,1,0,0,1,1,1,1,1,1,1,1,2,1,2,0,1,0,0,2,-1,2,0,1,2,0,10,0,320,75,120,0,0,1,248.5,-0.903750593092228
175,0,1,1,1,1,1.5,1,3,25,1,1,0,1,0,0,0,0,0,0,0,3,2,1,1,-1,1,1,1,1,0,0,1,1,1,2,1,-1,2,0,-1,2,-1,0,2,1,2,2,1,3,0,10,3,5,0,0,1,9.3,-0.903750593092228
176,0,1,1,1,1,3.33333333333333,0.5,2,23,2,7,1,2,0,0,0,1,0,0,0,10,3,3,1,0,0,1,0,1,0,0,1,1,1,2,2,1,0,2,1,-1,2,1,1,2,-2,2,1,75,15,700,100,320,0,1,3,569.65,-1.70274424120913
177,0,1,1,1,1,1,1,3,72,5,7,0,1,0,0,0,0,0,0,0,9,9,1,1,0,-1,1,0,1,0,0,1,1,1,2,0,-2,1,2,1,2,-1,1,2,0,1,2,1,5,12,30,15,20,0,1,6,27.12,-0.903750593092228
178,0,1,1,1,0.75,3,0.5,3,35,2,7,0,1,0,0,0,1,0,0,0,12,4,2,1,0,1,1,-1,1,0,0,1,1,1,2,1,-2,0,0,2,0,2,0,1,2,2,1,1,3,0,6,5,4,0,0,2,6.6,-0.903750593092228
179,0,1,1,1,0.8,3.33333333333333,1,3,69,5,21,0,1,0,0,0,0,0,0,0,21,12,1,1,0,-1,1,1,1,0,0,1,1,1,2,1,1,0,-1,1,0,-1,-2,0,1,2,1,2,10,15,120,20,13,0,1,6,92.45,-0.903750593092228
180,0,1,1,1,1,1.41666666666667,0.5,4,78,4,17,0,1,0,0,0,1,0,0,0,17,12,1,1,-1,0,1,1,1,0,0,1,1,1,2,-2,-1,0,-2,0,-1,1,-1,0,-2,-1,-1,0,5,0,30,20,10,0,0,4,26.5,-0.104756944975327
181,0,1,1,1,1,3,0.5,3,33,2,8,0,1,0,0,0,0,0,1,0,9,3,4,1,-1,1,0,0,1,0,0,1,1,1,2,1,2,0,-2,-1,0,1,1,2,1,0,-1,1,5,0,10,4,6,0,0,2,10.5,-0.903750593092228
182,0,1,1,1,0.75,1.5,1,3,28,2,1,0,1,0,0,0,0,0,0,0,3,2,1,1,1,0,0,1,1,0,0,1,1,1,2,1,2,2,-1,-1,-1,-1,0,0,1,2,2,2,2,0,10,2,4,0,0,2,8.6,-0.903750593092228
183,0,1,1,1,0.5,1.5,1,3,27,1,1,0,1,0,0,0,0,0,0,0,3,2,1,1,1,0,1,1,1,0,0,1,1,1,2,0,-2,0,1,2,0,1,2,-1,-1,-1,0,0,5,8,32,12,18,0,0,1,27.98,-0.903750593092228
184,NA,NA,NA,1,1,3.5,1,3,38,2,4,0,1,0,0,0,0,0,0,0,7,2,1,1,0,0,1,1,1,0,0,1,1,1,2,1,-1,2,1,2,1,2,0,0,-2,0,1,2,7,0,50,15,18,0,0,2,41.8,-0.903750593092228
185,NA,NA,NA,1,0.8,2.5,1,3,30,1,3,0,1,0,0,0,0,0,0,0,5,2,1,1,1,0,0,1,1,0,0,1,1,1,1,2,-1,0,0,-1,0,2,2,-1,-2,0,1,2,5,0,8,6,10,0,0,1,9.7,-0.903750593092228
186,0,1,1,1,0.8,1.16666666666667,0.5,4,67,1,5,0,1,0,0,0,1,0,0,0,7,6,1,1,1,-1,1,1,1,0,0,1,1,1,2,0,-1,2,1,2,0,2,1,0,0,-1,-2,0,8,0,150,140,130,0,0,1,136,-0.104756944975327
187,0,1,1,1,1,2.5,0.25,3,48,1,3,0,1,0,0,1,1,0,1,0,5,2,3,1,0,0,1,1,1,-1,0,1,1,1,2,1,0,1,2,1,0,2,-1,0,1,2,1,2,7,0,9,8,10,0,0,1,11.6,-0.903750593092228
188,0,1,1,1,1,1.5,1,3,26,1,1,0,1,0,0,0,0,0,0,0,3,2,1,1,0,0,1,1,1,0,0,1,1,1,2,2,-1,0,-1,0,1,2,2,2,0,1,2,1,72,0,145,350,320,0,1,2,204.5,-0.903750593092228
189,0,1,1,1,1.2,1.16666666666667,0.5,4,46,3,7,0,1,0,0,0,1,0,0,0,7,6,2,1,1,-1,-1,1,1,0,0,1,1,1,2,1,2,1,0,1,2,-1,0,-1,-1,-1,0,1,5,0,7,6,8,0,0,3,8.8,-0.104756944975327
190,0,1,1,1,1,3.5,0.5,2,32,3,5,0,1,0,0,0,1,0,0,0,7,2,1,1,0,0,1,1,1,0,0,1,4,1,0,1,2,-1,2,1,2,2,0,1,2,0,-1,-2,35,17,195,130,120,0,1,4,179.17,-1.70274424120913
191,1,0,1,1,1,4.5,0.5,3,45,2,7,0,1,0,0,0,1,0,0,0,9,2,1,1,0,-1,1,1,1,1,1,3,4,1,2,1,0,-1,2,1,0,2,0,2,0,-1,1,2,18,13,88,75,95,0,1,3,87.73,-0.903750593092228
192,0,1,1,1,1,2,0.5,3,29,3,3,0,1,0,0,0,1,0,0,0,4,2,1,1,0,-1,1,0,1,0,0,1,1,1,2,1,-2,0,1,2,0,1,2,-1,2,-1,0,2,12,0,150,35,95,0,0,3,124,-0.903750593092228
193,0,1,1,1,1,2.66666666666667,1,2,37,2,6,0,1,0,0,0,0,0,0,0,8,3,1,1,0,0,1,1,0,0,0,1,1,1,1,2,-1,2,-1,2,2,0,1,2,0,2,0,1,0,1,12,30,7,0,1,3,12.11,-1.70274424120913
194,0,1,1,1,1,5.5,0.5,3,68,1,11,0,1,0,0,0,1,0,0,0,11,2,1,1,0,0,1,1,0,0,0,1,1,1,2,2,-1,1,1,2,2,0,0,0,2,2,1,0,7,0,5,3,4,0,0,1,7.7,-0.903750593092228
195,0,1,1,1,0.6,2.25,1,3,32,2,7,0,1,0,0,0,0,0,0,0,9,4,1,1,0,0,1,1,1,1,1,2,4,1,2,2,2,1,1,0,-1,2,2,0,0,2,1,2,0,12,3,4,2,0,1,3,2.82,-0.903750593092228
196,0,1,1,1,0.6,2,0.5,4,47,5,6,0,1,0,0,0,1,0,0,0,8,4,1,0,-1,0,1,-1,1,1,1,1,1,1,2,1,2,1,2,1,2,1,2,1,2,1,2,1,7,0,45,9,10,0,0,5,36.9,-0.104756944975327
197,0,1,1,1,1,2,0.5,3,35,1,2,0,1,0,0,0,1,0,0,0,4,2,1,1,1,0,1,0,1,0,0,1,1,1,2,1,2,1,2,0,1,2,1,2,1,2,1,2,2,0,100,35,30,0,0,1,77.5,-0.903750593092228
198,0,1,1,1,1,2,0.333333333333333,3,32,1,2,1,2,0,0,0,1,0,1,0,4,2,2,0,-1,1,0,0,1,0,0,1,1,1,2,0,-2,0,1,2,0,2,1,2,1,2,1,2,10,0,50,47,20,0,0,1,46.7,-0.903750593092228
199,0,1,1,1,1,2,0.5,4,42,1,4,0,1,0,0,0,1,0,0,0,4,2,3,1,0,0,1,1,1,0,0,1,1,1,2,1,2,1,2,1,2,1,2,1,2,1,2,1,5,0,20,30,10,0,0,1,20.5,-0.104756944975327
200,0,1,1,1,0.8,2.66666666666667,0.5,4,48,3,7,0,1,0,0,0,1,0,0,0,8,3,1,1,1,-1,1,0,1,0,0,1,1,1,2,1,-1,0,2,1,0,1,2,0,1,2,0,1,3,0,8,5,7,0,0,3,8.3,-0.104756944975327
201,0,1,1,1,1,2.33333333333333,0.5,4,32,1,5,0,1,0,0,0,1,0,0,0,7,3,3,1,0,-1,1,0,1,0,0,1,1,1,2,2,-2,-1,0,2,-1,1,0,2,1,2,1,2,7,0,100,80,72,0,0,1,88.7,-0.104756944975327
202,0,1,1,1,0.8,2.33333333333333,0.5,4,80,7,7,0,1,0,0,0,1,0,0,0,7,3,1,0,1,-1,0,1,1,0,0,1,1,1,2,2,1,1,2,1,2,1,2,1,2,1,2,1,10,0,5,20,12,0,0,7,11.7,-0.104756944975327
203,0,1,1,1,1.2,2,0.5,4,34,2,8,0,1,0,0,0,1,0,0,0,10,5,4,1,1,-1,1,1,1,1,1,1,1,1,2,1,2,1,1,2,1,2,1,2,1,2,0,1,9,0,90,82,112,0,0,2,86.9,-0.104756944975327
204,0,1,1,1,1.2,2,0.5,5,35,2,3,0,1,0,0,0,0,0,1,0,6,3,5,0,-1,0,1,1,1,0,0,1,1,1,1,0,-1,-1,2,0,-2,2,0,1,1,2,0,1,5,10,5,20,10,0,0,2,9.1,0.694236703141574
205,0,1,0,1,1,1,0.25,3,45,2,5,0,1,1,0,0,1,0,1,0,2,2,1,0,0,-1,1,1,1,1,1,1,1,1,0,2,-2,0,2,0,-1,1,1,0,1,-1,0,1,5,0,8,75,50,0,0,2,20.6,-0.104756944975327
206,0,1,0,1,1,1,0.5,2,24,0,0,0,1,0,0,0,1,0,0,0,1,1,3,1,1,-1,1,1,1,1,1,4,5,1,2,2,-2,1,2,0,2,2,1,0,1,2,0,2,4,0,10,10,5,0,0,0,10.5,-1.70274424120913
207,0,1,0,1,1.2,4,0.2,4,32,1,6,1,2,0,0,1,1,1,1,0,8,2,4,1,-1,-1,1,1,1,1,1,4,5,1,-2,1,-2,-2,1,2,0,2,1,2,2,1,-2,1,2,2,4,4,3,0,0,1,4.52,0.694236703141574
208,0,1,0,1,1.2,1,1,4,69,5,4,0,1,0,0,0,0,0,0,0,6,6,1,-1,-1,-1,-1,-1,-1,-1,-1,1,1,1,0,-1,-1,0,2,1,2,1,1,1,-1,1,0,1,8,7,10,4,6,0,0,5,12.07,-0.104756944975327
209,0,1,0,1,1.4,2.5,0.5,3,25,0,0,0,1,0,0,0,1,0,0,0,4,3,5,1,1,-1,1,1,1,1,1,3,4,1,1,2,1,1,1,1,1,1,1,1,1,1,1,1,2,0,6,4,5,0,0,0,6.1,-0.903750593092228
210,0,1,0,1,1,2.66666666666667,0.5,4,32,3,6,0,1,0,0,0,1,0,0,0,8,3,1,1,1,0,1,1,1,0,0,2,5,1,0,-1,0,1,1,1,0,1,2,1,1,1,0,1,0,0,7,4,5,0,0,3,5.8,-0.104756944975327
211,0,1,0,1,1,2.5,1,4,30,2,3,1,2,0,0,0,0,0,0,0,5,2,1,1,1,-1,1,1,1,-1,-1,2,4,1,1,2,2,1,2,1,1,1,1,1,1,2,0,1,3,0,4,4,6,0,0,2,5.3,-0.104756944975327
212,0,1,0,1,1.5,4.33333333333333,1,4,47,10,1,0,1,0,0,0,0,0,0,0,13,3,1,1,1,-1,1,1,1,1,1,1,4,1,1,1,-1,2,1,0,1,1,1,1,1,1,2,1,5,6,7,4,7,0,0,10,8.56,-0.104756944975327
213,0,1,1,1,1.2,2.5,0.5,5,33,1,3,0,1,0,0,0,1,0,0,0,5,2,4,1,1,-1,1,1,1,1,1,3,4,1,1,1,-1,2,2,2,1,1,1,1,2,1,1,2,2,4,5,8,9,0,0,1,6.24,0.694236703141574
214,0,1,1,1,1,1.75,0.5,4,45,1,5,0,1,0,0,0,1,0,0,0,7,4,4,0,0,-1,1,-1,1,-1,-1,1,4,1,1,1,-1,1,2,2,-1,1,1,1,1,2,0,1,10,2,5,30,50,0,0,1,16.52,-0.104756944975327
215,0,1,1,1,1.6,2,0.5,4,29,1,2,0,1,0,0,0,1,0,0,0,4,2,4,1,1,-1,1,1,1,1,1,2,4,1,1,1,0,2,2,1,1,1,2,1,1,0,-1,1,3,4,5,7,8,0,0,1,6.54,-0.104756944975327
216,0,1,1,1,1.4,2,0.5,4,29,1,2,1,2,0,0,0,1,0,0,0,4,2,5,1,0,-1,1,1,1,0,0,1,4,1,1,1,-1,0,1,2,0,1,0,1,1,1,-1,1,3,0,4,7,9,0,0,1,5.9,-0.104756944975327
217,0,1,0,1,1.2,2.5,0.333333333333333,3,32,1,3,0,1,0,0,0,1,0,1,0,5,2,2,1,-1,-1,1,1,1,-1,-1,1,4,1,2,2,0,1,2,1,1,0,-1,0,0,1,2,0,0,0,3,2,4,0,0,1,2.7,-0.903750593092228
218,0,1,0,1,1.2,1.8,0.5,4,65,2,6,0,1,0,0,0,1,0,0,0,9,5,3,1,-1,-1,1,1,1,1,1,2,4,1,-1,1,0,2,1,2,1,-1,2,-1,0,2,-1,1,2,4,7,8,0,0,0,2,6.74,-0.104756944975327
219,0,1,0,1,1,1,0.5,3,28,0,0,1,3,0,0,0,1,0,0,0,1,1,5,1,1,-1,1,1,1,1,1,2,4,3,1,2,0,2,1,2,1,2,1,1,2,1,0,-1,3,0,5,2,4,0,1,1,5.6,-0.903750593092228
220,0,1,0,1,0.8,3.5,0.5,3,37,1,5,1,2,0,0,0,1,0,0,0,7,2,2,1,-1,-1,1,1,1,1,0,2,4,1,1,2,1,2,0,1,1,2,2,1,2,1,0,1,4,6,0,2,0,0,0,1,2.26,-0.903750593092228
221,0,1,0,1,1,3.33333333333333,0.333333333333333,4,32,2,7,1,2,0,0,0,1,0,1,0,10,3,3,1,-1,-1,1,1,1,0,1,2,4,1,1,2,0,1,2,1,0,1,1,1,1,2,1,2,3,4,5,10,0,0,0,2,6.04,-0.104756944975327
222,0,1,1,1,1.2,1,0.5,3,75,1,7,0,1,0,0,0,1,0,0,0,9,9,1,1,-1,-1,1,1,1,0,0,1,4,1,1,2,-2,0,1,2,0,1,2,2,1,0,1,0,2,3,7,4,5,0,0,1,6.83,-0.903750593092228
223,0,1,0,1,1,2.5,0.5,3,38,2,3,0,1,0,0,0,1,0,0,0,5,2,1,1,-1,-1,1,1,1,0,0,2,4,1,0,-1,2,-2,1,1,0,1,1,1,2,1,1,0,0,0,7,8,9,0,0,2,6.6,-0.903750593092228
224,0,1,1,1,1.2,1.2,0.5,4,72,4,20,0,1,0,0,0,1,0,0,0,24,20,1,0,1,1,1,-1,1,-1,-1,1,4,1,1,1,-1,1,2,2,2,0,1,0,1,1,1,2,2,3,4,5,6,0,0,4,4.93,-0.104756944975327
225,0,1,1,1,1.2,1.83333333333333,0.5,4,64,2,8,0,1,0,0,0,1,0,0,0,11,6,3,-1,-1,-1,-1,-1,-1,0,0,1,1,1,1,1,0,-1,0,2,1,2,1,1,0,2,-1,-2,7,3,4,2,0,0,0,2,6.53,-0.104756944975327
